{
  "@microsoft/generator-sharepoint": {
    "plusBeta": false,
    "isCreatingSolution": true,
    "nodeVersion": "18.18.0",
    "sdksVersions": {
      "@microsoft/microsoft-graph-client": "3.0.2",
      "@microsoft/teams-js": "2.12.0"
    },
    "version": "1.18.2",
    "libraryName": "accordian",
    "libraryId": "e9bd44b1-aec2-4c34-9043-052327865dd2",
    "environment": "spo",
    "packageManager": "npm",
    "solutionName": "accordian",
    "solutionShortDescription": "accordian description",
    "skipFeatureDeployment": true,
    "isDomainIsolated": false,
    "componentType": "webpart"
  }
}
