{
  "$schema": "https://developer.microsoft.com/json-schemas/spfx-build/package-solution.schema.json",
  "solution": {
    "name": "accordian-client-side-solution",
    "id": "e9bd44b1-aec2-4c34-9043-052327865dd2",
    "version": "1.0.0.0",
    "includeClientSideAssets": true,
    "skipFeatureDeployment": true,
    "isDomainIsolated": false,
    "developer": {
      "name": "",
      "websiteUrl": "",
      "privacyUrl": "",
      "termsOfUseUrl": "",
      "mpnId": "Undefined-1.18.2"
    },
    "metadata": {
      "shortDescription": {
        "default": "accordian description"
      },
      "longDescription": {
        "default": "accordian description"
      },
      "screenshotPaths": [],
      "videoUrl": "",
      "categories": []
    },
    "features": [
      {
        "title": "accordian Feature",
        "description": "The feature that activates elements of the accordian solution.",
        "id": "c7034a89-c934-4601-b231-7a8ca745fada",
        "version": "1.0.0.0"
      }
    ]
  },
  "paths": {
    "zippedPackage": "solution/accordian.sppkg"
  }
}
